mode,N,workers,pi,error,time_sec,time_std,speedup,efficiency,efficiency_percent
serial,100000000,1,3.141592653590426,6.332712132461893e-13,0.234281644,0.003601455,1.000000,1.000000,100.00
openmp,100000000,1,3.141592653590426,6.332712132461893e-13,0.232613911,0.001282306,1.007170,1.007170,100.72
openmp,100000000,2,3.141592653589910,1.167954621905665e-13,0.117687551,0.000251615,1.990709,0.995354,99.54
openmp,100000000,4,3.141592653589683,1.105782132526656e-13,0.073783408,0.009290177,3.175262,0.793815,79.38
openmp,100000000,8,3.141592653589816,2.264854970235319e-14,0.072671690,0.016254276,3.223836,0.402980,40.30
